scenario,replicate,method,gt_has_12h,gt_has_harmonic,gt_class,p_value,has_12h,classification,confidence,wall_time_ms
1,0,CHORD,False,False,non_rhythmic,0.5,False,circadian_only,0.0,13.322816230356693
2,0,CHORD,True,False,independent_ultradian,2.1649348980190553e-15,True,independent_ultradian,0.913474694095286,101.15041024982929
3,0,CHORD,True,False,independent_ultradian,1.9984014443252818e-15,True,likely_independent_ultradian,0.5545997223493823,3479.0010768920183
4,0,CHORD,False,True,harmonic,0.001674085217279797,True,harmonic,-0.6392750670669836,3522.666015662253
5,0,CHORD,False,True,harmonic,0.016936031606940072,True,harmonic,-0.9866142981514303,3467.5122555345297
6,0,CHORD,True,False,independent_ultradian,4.052314039881821e-15,True,likely_independent_ultradian,0.35835739835078595,92.34912134706974
7,0,CHORD,True,False,independent_ultradian,2.1826984664130578e-13,True,likely_independent_ultradian,0.39983334745035026,3637.362173758447
8,0,CHORD,True,False,independent_ultradian,1.140380971587085e-05,True,independent_ultradian,0.7828403312007647,3554.9165485426784
9,0,CHORD,False,False,non_rhythmic,0.5,False,non_rhythmic,0.0,12.187369167804718
10,0,CHORD,False,False,non_rhythmic,0.49614922420296803,False,non_rhythmic,0.0,11.138671077787876
11,0,CHORD,True,False,independent_ultradian,0.12912623047568667,False,non_rhythmic,0.0,11.432375758886337
12,0,CHORD,True,False,independent_ultradian,1.9984014443252818e-15,True,likely_independent_ultradian,0.39313546929352094,91.56541898846626
13,0,CHORD,False,True,harmonic,5.106483278782825e-05,True,harmonic,-0.9863137401740475,3483.8884454220533
14,0,CHORD,False,True,harmonic,9.159617508913698e-12,True,ambiguous,0.12435300177159621,3453.6943435668945
15,0,CHORD,False,True,harmonic,0.008135159708938355,True,harmonic,-0.9782661758488129,3494.6588464081287
1,1,CHORD,False,False,non_rhythmic,0.5,False,circadian_only,0.0,11.90290693193674
2,1,CHORD,True,False,independent_ultradian,1.326716514427062e-13,True,independent_ultradian,0.9802202335425796,102.92132198810577
3,1,CHORD,True,False,independent_ultradian,1.9984014443252818e-15,True,likely_independent_ultradian,0.5545997223493823,87.09821477532387
4,1,CHORD,False,True,harmonic,3.8432163795620866e-05,True,harmonic,-0.6502399377935094,3475.3197701647878
5,1,CHORD,False,True,harmonic,0.0574002974797177,False,circadian_only,0.0,11.440588161349297
6,1,CHORD,True,False,independent_ultradian,4.052314039881821e-15,True,independent_ultradian,0.9578369732034999,88.276750408113
7,1,CHORD,True,False,independent_ultradian,1.637578961322106e-14,True,independent_ultradian,0.8419491039704734,3634.190686047077
8,1,CHORD,True,False,independent_ultradian,3.125653285140917e-06,True,independent_ultradian,0.975140483287644,3644.254144281149
9,1,CHORD,False,False,non_rhythmic,0.21819432278066708,False,non_rhythmic,0.0,11.716574430465698
10,1,CHORD,False,False,non_rhythmic,0.10310018616885147,False,circadian_only,0.0,11.116554029285908
11,1,CHORD,True,False,independent_ultradian,0.10355755794190213,False,non_rhythmic,0.0,10.809289291501045
12,1,CHORD,True,False,independent_ultradian,1.9984014443252818e-15,True,independent_ultradian,0.9807259853563991,92.0073501765728
13,1,CHORD,False,True,harmonic,3.464130245967034e-05,True,harmonic,-0.9400909920176178,89.1185961663723
14,1,CHORD,False,True,harmonic,2.6294954769134904e-07,True,harmonic,-0.96906281077945,3477.614602074027
15,1,CHORD,False,True,harmonic,0.012312985304232693,True,harmonic,-0.9803292132005789,3507.030243985355
1,2,CHORD,False,False,non_rhythmic,0.4889709559863771,False,circadian_only,0.0,11.31000928580761
2,2,CHORD,True,False,independent_ultradian,1.887379141862766e-15,True,likely_independent_ultradian,0.4816724550747123,92.20141358673573
3,2,CHORD,True,False,independent_ultradian,1.9984014443252818e-15,True,independent_ultradian,0.8682405225753963,88.51306699216366
4,2,CHORD,False,True,harmonic,0.0001787687721961917,True,harmonic,-0.46211715726000974,3490.7548865303397
5,2,CHORD,False,True,harmonic,9.102696628460194e-06,True,harmonic,-0.9607442897135696,3417.808149009943
6,2,CHORD,True,False,independent_ultradian,4.052314039881821e-15,True,independent_ultradian,0.9710994891023224,87.76438143104315
7,2,CHORD,True,False,independent_ultradian,1.9984014443252818e-15,True,independent_ultradian,0.922161565365326,90.48557374626398
8,2,CHORD,True,False,independent_ultradian,8.124056375846678e-06,True,independent_ultradian,0.9643398492491846,3699.3821850046515
9,2,CHORD,False,False,non_rhythmic,0.3633225885345477,False,non_rhythmic,0.0,11.577245779335499
10,2,CHORD,False,False,non_rhythmic,0.5,False,non_rhythmic,0.0,10.952665470540524
11,2,CHORD,True,False,independent_ultradian,0.004841401413806012,True,independent_ultradian,0.9690288131304476,3584.9035372957587
12,2,CHORD,True,False,independent_ultradian,1.9984014443252818e-15,True,independent_ultradian,0.967526162527241,3650.125124491751
13,2,CHORD,False,True,harmonic,9.069903378899902e-07,True,harmonic,-0.9464779635510664,3525.8657904341817
14,2,CHORD,False,True,harmonic,8.799166950623771e-11,True,harmonic,-0.8833534665769193,3461.2208111211658
15,2,CHORD,False,True,harmonic,0.1486441904862597,False,circadian_only,0.0,11.14676147699356
1,3,CHORD,False,False,non_rhythmic,0.36007013458466064,False,circadian_only,0.0,11.498786509037018
2,3,CHORD,True,False,independent_ultradian,1.9984014443252818e-15,True,likely_independent_ultradian,0.35835739835078595,93.40028371661901
3,3,CHORD,True,False,independent_ultradian,1.9984014443252818e-15,True,independent_ultradian,0.8669779287143848,94.3809226155281
4,3,CHORD,False,True,harmonic,0.0004544477125597024,True,harmonic,-0.703905603936621,3492.929894477129
5,3,CHORD,False,True,harmonic,0.19722057433425044,False,circadian_only,0.0,11.204183101654053
6,3,CHORD,True,False,independent_ultradian,4.052314039881821e-15,True,independent_ultradian,0.9510283997573523,88.30737136304379
7,3,CHORD,True,False,independent_ultradian,7.66053886991358e-14,True,independent_ultradian,0.9921760209758441,3587.717513553798
8,3,CHORD,True,False,independent_ultradian,8.048753836586986e-06,True,independent_ultradian,0.9631944656175749,3584.717915393412
9,3,CHORD,False,False,non_rhythmic,0.5,False,non_rhythmic,0.0,11.494958773255348
10,3,CHORD,False,False,non_rhythmic,0.3661536547204945,False,non_rhythmic,0.0,10.961249470710754
11,3,CHORD,True,False,independent_ultradian,0.0013265603299985607,True,independent_ultradian,0.979799173104053,3657.501755282283
12,3,CHORD,True,False,independent_ultradian,2.7755575615628914e-15,True,likely_independent_ultradian,0.4422605807294726,3698.4030175954103
13,3,CHORD,False,True,harmonic,0.001024582391222273,True,harmonic,-0.992950712401706,3486.4557795226574
14,3,CHORD,False,True,harmonic,1.7066243223062827e-06,True,harmonic,-0.7248150862937393,3493.318736553192
15,3,CHORD,False,True,harmonic,0.0012409189780334118,True,harmonic,-0.729715804078736,3458.0296967178583
1,4,CHORD,False,False,non_rhythmic,0.49762152849979435,False,circadian_only,0.0,11.89764030277729
2,4,CHORD,True,False,independent_ultradian,1.9984014443252818e-15,True,likely_independent_ultradian,0.35835739835078595,91.50952752679586
3,4,CHORD,True,False,independent_ultradian,1.9984014443252818e-15,True,ambiguous,0.24491866240370913,3497.7897023782134
4,4,CHORD,False,True,harmonic,0.03212175944061002,True,harmonic,-0.9007725474823908,3493.3969853445888
5,4,CHORD,False,True,harmonic,0.00024063849765665335,True,harmonic,-0.9051482536448665,3445.390461012721
6,4,CHORD,True,False,independent_ultradian,4.052314039881821e-15,True,independent_ultradian,0.9410311929768118,89.81865737587214
7,4,CHORD,True,False,independent_ultradian,2.240874152903416e-12,True,independent_ultradian,0.9620820043333351,3648.9371675997972
8,4,CHORD,True,False,independent_ultradian,0.00012853385642824788,True,independent_ultradian,0.6351489523872873,3640.499019064009
9,4,CHORD,False,False,non_rhythmic,0.35820970467260244,False,non_rhythmic,0.0,11.592906899750233
10,4,CHORD,False,False,non_rhythmic,0.1923151803848666,False,non_rhythmic,0.0,10.885193012654781
11,4,CHORD,True,False,independent_ultradian,0.19052908052767997,False,non_rhythmic,0.0,10.765290819108486
12,4,CHORD,True,False,independent_ultradian,1.887379141862766e-15,True,likely_independent_ultradian,0.4637253461942194,91.72512497752905
13,4,CHORD,False,True,harmonic,0.00018300809605620305,True,harmonic,-0.9679136418338141,3453.3355180174112
14,4,CHORD,False,True,harmonic,1.1149644763008837e-08,True,harmonic,-0.6841909836435172,92.49116387218237
15,4,CHORD,False,True,harmonic,0.003240103520141757,True,harmonic,-0.7069624058025655,3465.9353578463197
1,5,CHORD,False,False,non_rhythmic,0.5,False,circadian_only,0.0,11.999575421214104
2,5,CHORD,True,False,independent_ultradian,1.9984014443252818e-15,True,independent_ultradian,0.982022358316325,92.25610457360744
3,5,CHORD,True,False,independent_ultradian,1.9984014443252818e-15,True,independent_ultradian,0.8093847190243101,3574.6636986732483
4,5,CHORD,False,True,harmonic,4.34897293127845e-06,True,ambiguous,-0.12435300177159621,3524.4340719655156
5,5,CHORD,False,True,harmonic,0.00441028872008975,True,harmonic,-0.9918597245682078,96.42844554036856
6,5,CHORD,True,False,independent_ultradian,4.052314039881821e-15,True,likely_independent_ultradian,0.35835739835078595,3555.64178340137
7,5,CHORD,True,False,independent_ultradian,2.3501200985265314e-12,True,independent_ultradian,0.9675073958446192,3723.665959201753
8,5,CHORD,True,False,independent_ultradian,9.064579575834841e-08,True,independent_ultradian,0.9290184796806923,3698.859021998942
9,5,CHORD,False,False,non_rhythmic,0.2542179048577856,False,non_rhythmic,0.0,11.267824098467827
10,5,CHORD,False,False,non_rhythmic,0.5,False,circadian_only,0.0,10.941768065094948
11,5,CHORD,True,False,independent_ultradian,0.0029999317948500304,True,independent_ultradian,0.9419598494274556,3634.8139056935906
12,5,CHORD,True,False,independent_ultradian,1.9984014443252818e-15,True,independent_ultradian,0.9903015849488368,89.23189248889685
13,5,CHORD,False,True,harmonic,0.0001970401068758787,True,harmonic,-0.9631683541612306,3513.5000264272094
14,5,CHORD,False,True,harmonic,9.790303567847047e-10,True,harmonic,-0.5163660345369098,3505.7422248646617
15,5,CHORD,False,True,harmonic,0.0302384344581223,True,harmonic,-0.9814179643700394,3516.871554777026
1,6,CHORD,False,False,non_rhythmic,0.0030870303511861263,True,harmonic,-0.809301070201781,3510.8678666874766
2,6,CHORD,True,False,independent_ultradian,1.9984014443252818e-15,True,likely_independent_ultradian,0.4993599092208243,89.62803520262241
3,6,CHORD,True,False,independent_ultradian,1.9984014443252818e-15,True,independent_ultradian,0.8465179157392407,3528.208127245307
4,6,CHORD,False,True,harmonic,0.0076269111940761025,True,harmonic,-0.849314864460788,95.06618045270443
5,6,CHORD,False,True,harmonic,1.4017189451986933e-05,True,harmonic,-0.9508092209527138,3467.2984182834625
6,6,CHORD,True,False,independent_ultradian,4.052314039881821e-15,True,independent_ultradian,0.9727767709327894,91.83177724480629
7,6,CHORD,True,False,independent_ultradian,2.522981823460668e-13,True,independent_ultradian,0.9152782513224434,90.57645220309496
8,6,CHORD,True,False,independent_ultradian,7.759065045392921e-05,True,independent_ultradian,0.8482836399575129,3688.05028591305
9,6,CHORD,False,False,non_rhythmic,0.32610844817077167,False,non_rhythmic,0.0,11.147635988891125
10,6,CHORD,False,False,non_rhythmic,0.12878805989892933,False,non_rhythmic,0.0,10.94279158860445
11,6,CHORD,True,False,independent_ultradian,0.020900315198009334,True,independent_ultradian,0.9811159743076828,3674.550920724869
12,6,CHORD,True,False,independent_ultradian,1.9984014443252818e-15,True,independent_ultradian,0.979032778806312,92.65156276524067
13,6,CHORD,False,True,harmonic,1.875687426794448e-05,True,harmonic,-0.9789107033452814,3505.355437286198
14,6,CHORD,False,True,harmonic,7.081274117082259e-08,True,harmonic,-0.6840475818314508,3471.6799333691597
15,6,CHORD,False,True,harmonic,0.03188941351058716,True,harmonic,-0.9866142981514303,3474.379913881421
1,7,CHORD,False,False,non_rhythmic,0.5,False,circadian_only,0.0,11.24618947505951
2,7,CHORD,True,False,independent_ultradian,1.609823385706477e-15,True,independent_ultradian,0.9662529557810725,3711.679899133742
3,7,CHORD,True,False,independent_ultradian,1.9984014443252818e-15,True,independent_ultradian,0.7624616077217848,3534.834469668567
4,7,CHORD,False,True,harmonic,0.007554561566541551,True,harmonic,-0.6474381010901352,3515.5312847346067
5,7,CHORD,False,True,harmonic,0.013992552354166132,True,harmonic,-0.9918597245682078,3531.7995557561517
6,7,CHORD,True,False,independent_ultradian,4.052314039881821e-15,True,likely_independent_ultradian,0.35835739835078595,91.09502844512463
7,7,CHORD,True,False,independent_ultradian,7.216449660063518e-15,True,likely_independent_ultradian,0.5181050751785357,3662.108792923391
8,7,CHORD,True,False,independent_ultradian,9.211284206944725e-05,True,independent_ultradian,0.9751819105108146,3637.8083880990744
9,7,CHORD,False,False,non_rhythmic,0.5,False,non_rhythmic,0.0,11.285473592579365
10,7,CHORD,False,False,non_rhythmic,0.5,False,non_rhythmic,0.0,11.562200263142586
11,7,CHORD,True,False,independent_ultradian,0.1644171380243386,False,non_rhythmic,0.0,11.015398427844048
12,7,CHORD,True,False,independent_ultradian,1.9984014443252818e-15,True,independent_ultradian,0.9833488228622158,89.78400006890297
13,7,CHORD,False,True,harmonic,7.016286059191579e-05,True,harmonic,-0.9015026248457492,3541.822424158454
14,7,CHORD,False,True,harmonic,1.6879236897082706e-10,True,harmonic,-0.91129172416219,88.35278451442719
15,7,CHORD,False,True,harmonic,0.0448762784264381,True,harmonic,-0.9253462253117412,3498.0821534991264
1,8,CHORD,False,False,non_rhythmic,0.020135433234780953,True,harmonic,-0.35835739835078595,3472.9734919965267
2,8,CHORD,True,False,independent_ultradian,1.9984014443252818e-15,True,independent_ultradian,0.9590200411937404,90.69965966045856
3,8,CHORD,True,False,independent_ultradian,1.9984014443252818e-15,True,likely_independent_ultradian,0.5545997223493823,88.4255925193429
4,8,CHORD,False,True,harmonic,0.005265387946826128,True,harmonic,-0.7727985096051984,3497.128751128912
5,8,CHORD,False,True,harmonic,0.0002830325498746067,True,harmonic,-0.9511154249554804,3443.8824178650975
6,8,CHORD,True,False,independent_ultradian,4.052314039881821e-15,True,independent_ultradian,0.9054167305110142,3592.3769427463412
7,8,CHORD,True,False,independent_ultradian,4.6568970901716966e-11,True,independent_ultradian,0.9444356091579733,93.29042583703995
8,8,CHORD,True,False,independent_ultradian,1.8215039000457622e-06,True,independent_ultradian,0.9721680049490052,3673.10443893075
9,8,CHORD,False,False,non_rhythmic,0.14451297570913185,False,non_rhythmic,0.0,12.080053798854351
10,8,CHORD,False,False,non_rhythmic,0.5,False,circadian_only,0.0,10.992241092026234
11,8,CHORD,True,False,independent_ultradian,0.24736866770688742,False,non_rhythmic,0.0,11.146944016218185
12,8,CHORD,True,False,independent_ultradian,1.9984014443252818e-15,True,independent_ultradian,0.9511261643066554,92.37731993198395
13,8,CHORD,False,True,harmonic,1.625356092271879e-06,True,harmonic,-0.3216369605649847,88.41722644865513
14,8,CHORD,False,True,harmonic,6.17728312946042e-10,True,harmonic,-0.8547180003230064,3416.1715088412166
15,8,CHORD,False,True,harmonic,0.007481291570240245,True,harmonic,-0.8631902335040958,3472.0559855923057
1,9,CHORD,False,False,non_rhythmic,0.5,False,circadian_only,0.0,11.457131244242191
2,9,CHORD,True,False,independent_ultradian,7.271960811294775e-15,True,independent_ultradian,0.9422476423034831,93.73499546200037
3,9,CHORD,True,False,independent_ultradian,4.385380947269368e-15,True,harmonic,-0.35835739835078595,3516.249356791377
4,9,CHORD,False,True,harmonic,4.206419360164304e-06,True,harmonic,-0.46211715726000974,3511.6760628297925
5,9,CHORD,False,True,harmonic,8.350698656400812e-06,True,harmonic,-0.5841132719327182,3506.129961460829
6,9,CHORD,True,False,independent_ultradian,4.052314039881821e-15,True,independent_ultradian,0.9041336961683202,91.25196561217308
7,9,CHORD,True,False,independent_ultradian,1.9984014443252818e-15,True,independent_ultradian,0.979802362088489,90.90560674667358
8,9,CHORD,True,False,independent_ultradian,2.41197474165622e-06,True,independent_ultradian,0.9832014494453055,3652.9526077210903
9,9,CHORD,False,False,non_rhythmic,0.5,False,non_rhythmic,0.0,11.479433625936508
10,9,CHORD,False,False,non_rhythmic,0.3912860852713975,False,non_rhythmic,0.0,11.1167561262846
11,9,CHORD,True,False,independent_ultradian,0.03532556196252151,True,independent_ultradian,0.9557691362356608,3567.6128631457686
12,9,CHORD,True,False,independent_ultradian,1.9984014443252818e-15,True,independent_ultradian,0.9268659270407373,95.48391029238701
13,9,CHORD,False,True,harmonic,0.0003816632916665563,True,harmonic,-0.9800651139779324,3489.5130107179284
14,9,CHORD,False,True,harmonic,2.5293434013917704e-10,True,harmonic,-0.9438606330172085,88.87226413935423
15,9,CHORD,False,True,harmonic,0.0002840958158022433,True,harmonic,-0.7437867858641012,3460.9755389392376
1,10,CHORD,False,False,non_rhythmic,0.5,False,circadian_only,0.0,11.20154932141304
2,10,CHORD,True,False,independent_ultradian,1.9984014443252818e-15,True,independent_ultradian,0.9483671065781683,3533.46910700202
3,10,CHORD,True,False,independent_ultradian,6.539213615042172e-14,True,likely_independent_ultradian,0.5676645172850154,87.36935909837484
4,10,CHORD,False,True,harmonic,0.0070022689489956935,True,harmonic,-0.6909214451550271,3496.8735445290804
5,10,CHORD,False,True,harmonic,2.256815399748202e-05,True,harmonic,-0.9302177173615956,88.51479645818472
6,10,CHORD,True,False,independent_ultradian,8.826273045769994e-15,True,independent_ultradian,0.9636214155089913,89.66432232409716
7,10,CHORD,True,False,independent_ultradian,1.7763568394002505e-15,True,independent_ultradian,0.9778387304403986,88.79283349961042
8,10,CHORD,True,False,independent_ultradian,3.5598468617337176e-11,True,independent_ultradian,0.9739187497449668,89.51518777757883
9,10,CHORD,False,False,non_rhythmic,0.3857506856547957,False,non_rhythmic,0.0,10.973835363984108
10,10,CHORD,False,False,non_rhythmic,0.2656031610982601,False,non_rhythmic,0.0,11.66817918419838
11,10,CHORD,True,False,independent_ultradian,0.019741116905768297,True,independent_ultradian,0.9778942907622287,90.59808123856783
12,10,CHORD,True,False,independent_ultradian,1.9984014443252818e-15,True,independent_ultradian,0.9731501498738178,90.56718088686466
13,10,CHORD,False,True,harmonic,0.0003282103773757372,True,harmonic,-0.9037712367499373,3443.39488260448
14,10,CHORD,False,True,harmonic,3.010439780792851e-08,True,harmonic,-0.9143242479571466,3436.2144600600004
15,10,CHORD,False,True,harmonic,0.01810085118924487,True,harmonic,-0.9860778842095954,3518.9801221713424
1,11,CHORD,False,False,non_rhythmic,0.5,False,circadian_only,0.0,11.484557762742043
2,11,CHORD,True,False,independent_ultradian,1.9984014443252818e-15,True,independent_ultradian,0.964273287501563,89.93260841816664
3,11,CHORD,True,False,independent_ultradian,1.9984014443252818e-15,True,likely_independent_ultradian,0.5545997223493823,87.05669548362494
4,11,CHORD,False,True,harmonic,3.5524587969348875e-05,True,harmonic,-0.35835739835078584,3503.2971454784274
5,11,CHORD,False,True,harmonic,0.0017426385540138534,True,harmonic,-0.703905603936621,3541.542344726622
6,11,CHORD,True,False,independent_ultradian,4.052314039881821e-15,True,independent_ultradian,0.9756238320068271,3671.5532829985023
7,11,CHORD,True,False,independent_ultradian,6.566829302556698e-10,True,independent_ultradian,0.7104415806684417,3660.6188910081983
8,11,CHORD,True,False,independent_ultradian,2.465353205527432e-06,True,independent_ultradian,0.809301070201781,3646.1389968171716
9,11,CHORD,False,False,non_rhythmic,0.5,False,non_rhythmic,0.0,11.375006288290024
10,11,CHORD,False,False,non_rhythmic,0.4907234632761678,False,non_rhythmic,0.0,11.291186325252056
11,11,CHORD,True,False,independent_ultradian,0.008131320776475992,True,independent_ultradian,0.9826744876328929,3599.872639402747
12,11,CHORD,True,False,independent_ultradian,1.9984014443252818e-15,True,independent_ultradian,0.9705913330688574,3641.480573453009
13,11,CHORD,False,True,harmonic,0.00010909976508999275,True,harmonic,-0.9794876133302081,3517.478631809354
14,11,CHORD,False,True,harmonic,1.0517713922020278e-09,True,harmonic,-0.5545997223493823,90.39953257888556
15,11,CHORD,False,True,harmonic,3.1125612463767105e-05,True,ambiguous,0.09695131618914404,3476.5472896397114
1,12,CHORD,False,False,non_rhythmic,0.3386557715586905,False,circadian_only,0.0,11.283026076853275
2,12,CHORD,True,False,independent_ultradian,1.9984014443252818e-15,True,independent_ultradian,0.9790945096719321,94.62945815175772
3,12,CHORD,True,False,independent_ultradian,2.3314683517128287e-15,True,independent_ultradian,0.7957155530480822,89.98051565140486
4,12,CHORD,False,True,harmonic,0.0007091809273650496,True,harmonic,-0.46211715726000974,3477.6127953082323
5,12,CHORD,False,True,harmonic,0.0012540320606770905,True,harmonic,-0.9682041248331434,87.4260338023305
6,12,CHORD,True,False,independent_ultradian,4.052314039881821e-15,True,independent_ultradian,0.6027447468282987,89.50728923082352
7,12,CHORD,True,False,independent_ultradian,5.384581669432009e-15,True,independent_ultradian,0.9585959243675597,3493.529691360891
8,12,CHORD,True,False,independent_ultradian,0.0014928329850045774,True,independent_ultradian,0.9727013871376993,3705.673926509917
9,12,CHORD,False,False,non_rhythmic,0.5,False,circadian_only,0.0,12.640156783163548
10,12,CHORD,False,False,non_rhythmic,0.5,False,circadian_only,0.0,12.411272153258324
11,12,CHORD,True,False,independent_ultradian,0.10348134011989485,False,non_rhythmic,0.0,11.891131289303303
12,12,CHORD,True,False,independent_ultradian,1.9984014443252818e-15,True,independent_ultradian,0.9923563200057645,3510.8390478417277
13,12,CHORD,False,True,harmonic,6.0827462491086504e-05,True,harmonic,-0.9811410589450192,3467.49821677804
14,12,CHORD,False,True,harmonic,2.6612288706040488e-08,True,harmonic,-0.966926978208085,89.59437254816294
15,12,CHORD,False,True,harmonic,0.06706312843644446,False,circadian_only,0.0,11.093984358012676
1,13,CHORD,False,False,non_rhythmic,0.03135756355405078,True,harmonic,-0.9051482536448665,3521.1626645177603
2,13,CHORD,True,False,independent_ultradian,1.887379141862766e-15,True,likely_independent_ultradian,0.4607558367543501,93.00443064421415
3,13,CHORD,True,False,independent_ultradian,2.5284774274325628e-12,True,independent_ultradian,0.7436445883348939,91.71365294605494
4,13,CHORD,False,True,harmonic,6.004987009117224e-05,True,harmonic,-0.35835739835078595,3498.2161736115813
5,13,CHORD,False,True,harmonic,0.00047902003926958425,True,harmonic,-0.9430133708604046,3470.71610763669
6,13,CHORD,True,False,independent_ultradian,4.052314039881821e-15,True,independent_ultradian,0.9682754815617921,3643.6824668198824
7,13,CHORD,True,False,independent_ultradian,7.993605777301127e-15,True,ambiguous,0.16719443960098337,3585.021734237671
8,13,CHORD,True,False,independent_ultradian,0.00011433096717006208,True,independent_ultradian,0.9718345726450486,90.7941646873951
9,13,CHORD,False,False,non_rhythmic,0.40036497303701035,False,non_rhythmic,0.0,11.240598745644093
10,13,CHORD,False,False,non_rhythmic,0.5,False,non_rhythmic,0.0,10.856752283871174
11,13,CHORD,True,False,independent_ultradian,0.15412805773563093,False,non_rhythmic,0.0,10.875672101974487
12,13,CHORD,True,False,independent_ultradian,1.9984014443252818e-15,True,likely_independent_ultradian,0.44811919792613214,92.21005532890558
13,13,CHORD,False,True,harmonic,1.400649914351515e-05,True,harmonic,-0.8606710282404861,3493.3778792619705
14,13,CHORD,False,True,harmonic,8.101633808266229e-10,True,harmonic,-0.9014088150452843,88.28603196889162
15,13,CHORD,False,True,harmonic,0.010550592499124989,True,harmonic,-0.8482836399575129,3515.638421289623
1,14,CHORD,False,False,non_rhythmic,0.12395038949588433,False,circadian_only,0.0,11.386443860828876
2,14,CHORD,True,False,independent_ultradian,1.5543122344752192e-15,True,independent_ultradian,0.985494471511935,3655.468575656414
3,14,CHORD,True,False,independent_ultradian,2.55351295663786e-15,True,likely_independent_ultradian,0.46211715726000974,3437.9534665495157
4,14,CHORD,False,True,harmonic,0.004119569138442747,True,harmonic,-0.691655095809165,3451.777388341725
5,14,CHORD,False,True,harmonic,0.00278038543745035,True,harmonic,-0.971872745913509,87.67276909202337
6,14,CHORD,True,False,independent_ultradian,4.052314039881821e-15,True,independent_ultradian,0.9384697222655154,90.64960479736328
7,14,CHORD,True,False,independent_ultradian,1.2218004385999848e-13,True,independent_ultradian,0.9860333325476783,3686.4419151097536
8,14,CHORD,True,False,independent_ultradian,2.9794553046968986e-08,True,independent_ultradian,0.9732546077741496,90.41286259889603
9,14,CHORD,False,False,non_rhythmic,0.10309077055622523,False,non_rhythmic,0.0,11.021035723388195
10,14,CHORD,False,False,non_rhythmic,0.05659219618781042,False,non_rhythmic,0.0,10.769370943307877
11,14,CHORD,True,False,independent_ultradian,0.14899633226197834,False,non_rhythmic,0.0,11.639990843832493
12,14,CHORD,True,False,independent_ultradian,1.9984014443252818e-15,True,independent_ultradian,0.9679706807636517,91.61196928471327
13,14,CHORD,False,True,harmonic,0.00021183034327193484,True,harmonic,-0.976000397758017,3469.9460361152887
14,14,CHORD,False,True,harmonic,7.081524035501552e-07,True,harmonic,-0.9403140884114676,88.26193865388632
15,14,CHORD,False,True,harmonic,0.007352525047987779,True,harmonic,-0.4657463781503103,3492.110436782241
1,15,CHORD,False,False,non_rhythmic,0.1620342156119638,False,circadian_only,0.0,10.899864137172699
2,15,CHORD,True,False,independent_ultradian,1.3322676295501878e-15,True,likely_independent_ultradian,0.35835739835078595,91.0320021212101
3,15,CHORD,True,False,independent_ultradian,2.3314683517128287e-15,True,independent_ultradian,0.6499933426094836,3490.714890882373
4,15,CHORD,False,True,harmonic,0.00012076207871991596,True,harmonic,-0.6351489523872872,3488.9660496264696
5,15,CHORD,False,True,harmonic,0.0019170610550263145,True,harmonic,-0.9854478642352402,89.5687947049737
6,15,CHORD,True,False,independent_ultradian,4.052314039881821e-15,True,independent_ultradian,0.9173929267286379,89.0698041766882
7,15,CHORD,True,False,independent_ultradian,1.1347589534693725e-12,True,independent_ultradian,0.6066610783678907,91.28412324935198
8,15,CHORD,True,False,independent_ultradian,0.003412081096731634,True,independent_ultradian,0.9923419614079061,3664.643855765462
9,15,CHORD,False,False,non_rhythmic,0.5,False,non_rhythmic,0.0,11.90478727221489
10,15,CHORD,False,False,non_rhythmic,0.5,False,non_rhythmic,0.0,11.69151347130537
11,15,CHORD,True,False,independent_ultradian,1.689819830802408e-05,True,independent_ultradian,0.9290667041399966,3703.6814261227846
12,15,CHORD,True,False,independent_ultradian,1.9984014443252818e-15,True,likely_independent_ultradian,0.43497117713422956,3543.988290242851
13,15,CHORD,False,True,harmonic,0.00029000024736214325,True,harmonic,-0.9492504348465172,3487.1652480214834
14,15,CHORD,False,True,harmonic,9.21571541301347e-10,True,harmonic,-0.7964437243750389,3460.7357354834676
15,15,CHORD,False,True,harmonic,0.0035002030043094767,True,harmonic,-0.9665194113902679,88.58928550034761
1,16,CHORD,False,False,non_rhythmic,0.5,False,circadian_only,0.0,10.79250406473875
2,16,CHORD,True,False,independent_ultradian,3.1086244689504383e-15,True,ambiguous,0.1245964502318351,3636.9152776896954
3,16,CHORD,True,False,independent_ultradian,2.609024107869118e-15,True,independent_ultradian,0.9574764781592658,3423.734601587057
4,16,CHORD,False,True,harmonic,0.0008389639311021657,True,harmonic,-0.6531832067011762,3461.4429119974375
5,16,CHORD,False,True,harmonic,0.0012670115986367358,True,harmonic,-0.9780261147388136,3436.8732450529933
6,16,CHORD,True,False,independent_ultradian,4.052314039881821e-15,True,likely_independent_ultradian,0.4866582830405956,3624.3243776261806
7,16,CHORD,True,False,independent_ultradian,5.201115094166653e-10,True,independent_ultradian,0.9403707284547965,3583.4446353837848
8,16,CHORD,True,False,independent_ultradian,1.0543611150826138e-08,True,independent_ultradian,0.9469388435630834,3677.0573696121573
9,16,CHORD,False,False,non_rhythmic,0.16278910224758542,False,non_rhythmic,0.0,11.147615499794483
10,16,CHORD,False,False,non_rhythmic,0.38360157217892943,False,circadian_only,0.0,11.1815445125103
11,16,CHORD,True,False,independent_ultradian,0.017470160640900567,True,independent_ultradian,0.9838550754642368,3594.3226823583245
12,16,CHORD,True,False,independent_ultradian,7.16093850883226e-13,True,likely_independent_ultradian,0.4647528332593387,3672.416386194527
13,16,CHORD,False,True,harmonic,0.0003783408837414459,True,harmonic,-0.9725616473920137,3515.433038584888
14,16,CHORD,False,True,harmonic,2.3314683517128287e-14,True,harmonic,-0.6750300823460199,88.3259940892458
15,16,CHORD,False,True,harmonic,0.0069571977266377205,True,harmonic,-0.9320067609949,3442.289935424924
1,17,CHORD,False,False,non_rhythmic,0.20999536630375,False,circadian_only,0.0,11.45723182708025
2,17,CHORD,True,False,independent_ultradian,1.887379141862766e-15,True,independent_ultradian,0.9824677150033878,3625.025687739253
3,17,CHORD,True,False,independent_ultradian,4.596323321948148e-14,True,independent_ultradian,0.7059880337749871,88.05638179183006
4,17,CHORD,False,True,harmonic,8.64819302695552e-05,True,harmonic,-0.5545997223493823,3497.486785054207
5,17,CHORD,False,True,harmonic,4.1530811422996194e-05,True,harmonic,-0.9700241095360088,3481.451283209026
6,17,CHORD,True,False,independent_ultradian,4.052314039881821e-15,True,independent_ultradian,0.9826577098378643,3507.5495038181543
7,17,CHORD,True,False,independent_ultradian,7.012723735044801e-13,True,independent_ultradian,0.6189905346839014,93.59365701675415
8,17,CHORD,True,False,independent_ultradian,0.0007053931872160746,True,independent_ultradian,0.9657746024775906,3666.671614162624
9,17,CHORD,False,False,non_rhythmic,0.5,False,non_rhythmic,0.0,11.961836367845535
10,17,CHORD,False,False,non_rhythmic,0.5,False,non_rhythmic,0.0,11.097726412117481
11,17,CHORD,True,False,independent_ultradian,0.2801876584001405,False,non_rhythmic,0.0,11.250119656324387
12,17,CHORD,True,False,independent_ultradian,2.225997164373439e-14,True,independent_ultradian,0.6058623203180256,93.74621231108904
13,17,CHORD,False,True,harmonic,9.502149801993154e-05,True,harmonic,-0.940667848331977,3541.7821975424886
14,17,CHORD,False,True,harmonic,1.8462675832608966e-11,True,harmonic,-0.7487535807784277,3479.4287951663136
15,17,CHORD,False,True,harmonic,0.036269419636191125,True,harmonic,-0.9864135392009333,3505.884140729904
1,18,CHORD,False,False,non_rhythmic,0.5,False,circadian_only,0.0,11.631960049271584
2,18,CHORD,True,False,independent_ultradian,1.9984014443252818e-15,True,independent_ultradian,0.9864758626872822,93.36135163903236
3,18,CHORD,True,False,independent_ultradian,2.4980018054066022e-15,True,ambiguous,-0.24491866240370913,89.4053503870964
4,18,CHORD,False,True,harmonic,2.773637648501026e-06,True,harmonic,-0.46211715726000974,3473.0663122609258
5,18,CHORD,False,True,harmonic,0.001157302505953639,True,harmonic,-0.8804450375406004,3481.7316345870495
6,18,CHORD,True,False,independent_ultradian,4.052314039881821e-15,True,independent_ultradian,0.9496315578924776,3448.422646149993
7,18,CHORD,True,False,independent_ultradian,7.999817475123905e-11,True,independent_ultradian,0.9079678753551997,93.25585514307022
8,18,CHORD,True,False,independent_ultradian,1.770596831263127e-06,True,independent_ultradian,0.9051482536448665,3571.655672043562
9,18,CHORD,False,False,non_rhythmic,0.5,False,non_rhythmic,0.0,11.162570677697659
10,18,CHORD,False,False,non_rhythmic,0.5,False,circadian_only,0.0,10.868332348763943
11,18,CHORD,True,False,independent_ultradian,0.12672768688168062,False,non_rhythmic,0.0,11.34888269007206
12,18,CHORD,True,False,independent_ultradian,2.65898414397725e-14,True,independent_ultradian,0.8532648961163569,3641.9150345027447
13,18,CHORD,False,True,harmonic,5.2502912009921854e-05,True,harmonic,-0.9268853261387935,3482.6227026060224
14,18,CHORD,False,True,harmonic,1.2971073520828824e-07,True,harmonic,-0.9516655895534167,87.25404273718596
15,18,CHORD,False,True,harmonic,0.006166166922365546,True,harmonic,-0.9780261147388136,3456.093156710267
1,19,CHORD,False,False,non_rhythmic,0.5,False,circadian_only,0.0,11.552078649401665
2,19,CHORD,True,False,independent_ultradian,1.2778667013435552e-13,True,likely_independent_ultradian,0.45455762605342365,93.3507876470685
3,19,CHORD,True,False,independent_ultradian,3.114175584073564e-14,True,independent_ultradian,0.8482836399575129,3492.9946903139353
4,19,CHORD,False,True,harmonic,4.83908865149818e-05,True,harmonic,-0.46211715726000974,3501.8520057201385
5,19,CHORD,False,True,harmonic,0.009352502280245256,True,harmonic,-0.9706289774962173,3433.1481708213687
6,19,CHORD,True,False,independent_ultradian,4.052314039881821e-15,True,independent_ultradian,0.9846983123023859,91.28788486123085
7,19,CHORD,True,False,independent_ultradian,6.128431095930864e-13,True,likely_independent_ultradian,0.5389097052563134,91.88626892864704
8,19,CHORD,True,False,independent_ultradian,8.08144912347597e-05,True,independent_ultradian,0.962689401041662,3689.355027861893
9,19,CHORD,False,False,non_rhythmic,0.09678492532318844,False,non_rhythmic,0.0,11.107560247182846
10,19,CHORD,False,False,non_rhythmic,0.4343820963219587,False,circadian_only,0.0,10.929056443274021
11,19,CHORD,True,False,independent_ultradian,0.018802782086234204,True,independent_ultradian,0.9781709557128505,3580.428163520992
12,19,CHORD,True,False,independent_ultradian,1.9984014443252818e-15,True,independent_ultradian,0.6949318836820609,92.88125671446323
13,19,CHORD,False,True,harmonic,6.726981339005844e-05,True,harmonic,-0.6169855592995241,3482.732117176056
14,19,CHORD,False,True,harmonic,1.20037091377867e-10,True,harmonic,-0.5709739567525136,3411.1672434955835
15,19,CHORD,False,True,harmonic,8.555602594595424e-05,True,harmonic,-0.8571802129533866,3428.439543582499
1,20,CHORD,False,False,non_rhythmic,0.5,False,circadian_only,0.0,11.773837730288506
2,20,CHORD,True,False,independent_ultradian,1.9984014443252818e-15,True,independent_ultradian,0.9731451630202792,92.25780889391899
3,20,CHORD,True,False,independent_ultradian,1.9984014443252818e-15,True,harmonic,-0.46211715726000974,3418.159546330571
4,20,CHORD,False,True,harmonic,0.0009771318894875036,True,harmonic,-0.7135774865789177,3471.097946166992
5,20,CHORD,False,True,harmonic,0.020379672018220496,True,harmonic,-0.9918597245682078,3433.5891557857394
6,20,CHORD,True,False,independent_ultradian,2.632338791386246e-13,True,independent_ultradian,0.9786269079529482,94.57509778439999
7,20,CHORD,True,False,independent_ultradian,3.7692071686024065e-14,True,independent_ultradian,0.9269884362900699,95.74904572218657
8,20,CHORD,True,False,independent_ultradian,5.930756441507867e-10,True,independent_ultradian,0.989231025809496,3543.7367809936404
9,20,CHORD,False,False,non_rhythmic,0.027211988739054782,False,non_rhythmic,0.0,11.549501679837704
10,20,CHORD,False,False,non_rhythmic,0.2588011415913808,False,non_rhythmic,0.0,10.958968661725521
11,20,CHORD,True,False,independent_ultradian,0.03805016791624627,True,independent_ultradian,0.9866271312733981,3647.4416432902217
12,20,CHORD,True,False,independent_ultradian,1.9984014443252818e-15,True,independent_ultradian,0.9830553619812114,91.21682308614254
13,20,CHORD,False,True,harmonic,0.00010366402143879849,True,harmonic,-0.986692660139226,3463.1773438304663
14,20,CHORD,False,True,harmonic,1.1802259169968465e-10,True,ambiguous,-0.24491866240370913,3497.192408889532
15,20,CHORD,False,True,harmonic,0.0004804187639716462,True,harmonic,-0.9801897949913791,3441.8988144025207
1,21,CHORD,False,False,non_rhythmic,0.3474159178969517,False,circadian_only,0.0,11.373579502105713
2,21,CHORD,True,False,independent_ultradian,1.9984014443252818e-15,True,independent_ultradian,0.8986438772893596,91.09346568584442
3,21,CHORD,True,False,independent_ultradian,1.9984014443252818e-15,True,likely_independent_ultradian,0.35835739835078595,3496.2925435975194
4,21,CHORD,False,True,harmonic,0.00016584472068498224,True,harmonic,-0.6351489523872873,3476.586810313165
5,21,CHORD,False,True,harmonic,0.0022042701429202394,True,harmonic,-0.7128629900768917,3489.655510522425
6,21,CHORD,True,False,independent_ultradian,2.5845992013273644e-13,True,independent_ultradian,0.9577111691319602,89.49975483119488
7,21,CHORD,True,False,independent_ultradian,6.794564910705958e-13,True,independent_ultradian,0.9274490776555209,92.22542867064476
8,21,CHORD,True,False,independent_ultradian,1.4767335727028374e-05,True,independent_ultradian,0.939463487663548,90.31243342906237
9,21,CHORD,False,False,non_rhythmic,0.2894722884505861,False,non_rhythmic,0.0,10.857926681637764
10,21,CHORD,False,False,non_rhythmic,0.2920042157464593,False,non_rhythmic,0.0,11.184225790202618
11,21,CHORD,True,False,independent_ultradian,0.004076925067923065,True,independent_ultradian,0.9789314797643676,3647.4715946242213
12,21,CHORD,True,False,independent_ultradian,1.4710455076283324e-14,True,independent_ultradian,0.9590651066182939,3718.1215127930045
13,21,CHORD,False,True,harmonic,1.0642889458845062e-05,True,harmonic,-0.9596898474494434,3538.0768068134785
14,21,CHORD,False,True,harmonic,6.373235272860711e-13,True,ambiguous,0.07748576798925746,3538.5488774627447
15,21,CHORD,False,True,harmonic,0.0007611616961503698,True,harmonic,-0.7409630022649865,3498.646067455411
1,22,CHORD,False,False,non_rhythmic,0.5,False,circadian_only,0.0,11.221147142350674
2,22,CHORD,True,False,independent_ultradian,1.9984014443252818e-15,True,independent_ultradian,0.9682835271991059,96.57580219209194
3,22,CHORD,True,False,independent_ultradian,1.9984014443252818e-15,True,independent_ultradian,0.7325723975884804,3505.9147123247385
4,22,CHORD,False,True,harmonic,0.0007092495863892934,True,harmonic,-0.6351489523872873,3466.7020849883556
5,22,CHORD,False,True,harmonic,0.0010542781903876697,True,harmonic,-0.9918597245682078,3466.24399907887
6,22,CHORD,True,False,independent_ultradian,4.052314039881821e-15,True,independent_ultradian,0.9849664633980791,89.16899096220732
7,22,CHORD,True,False,independent_ultradian,1.9984014443252818e-15,True,independent_ultradian,0.9482441390695172,92.83922798931599
8,22,CHORD,True,False,independent_ultradian,8.670155937368085e-05,True,independent_ultradian,0.9402953842943037,95.17493471503258
9,22,CHORD,False,False,non_rhythmic,0.5,False,non_rhythmic,0.0,11.408071964979172
10,22,CHORD,False,False,non_rhythmic,0.49220358443769274,False,non_rhythmic,0.0,11.590877547860146
11,22,CHORD,True,False,independent_ultradian,0.04052624904842822,True,independent_ultradian,0.980023830079536,3684.3395056203008
12,22,CHORD,True,False,independent_ultradian,1.9984014443252818e-15,True,likely_independent_ultradian,0.46211715726000974,3633.2873795181513
13,22,CHORD,False,True,harmonic,1.7264289033758207e-05,True,harmonic,-0.9620504615770143,3498.019608668983
14,22,CHORD,False,True,harmonic,6.997885604320686e-11,True,harmonic,-0.8948829893920073,91.28259681165218
15,22,CHORD,False,True,harmonic,0.002984814006675496,True,harmonic,-0.6927334837322779,3498.357355594635
1,23,CHORD,False,False,non_rhythmic,0.5,False,circadian_only,0.0,11.397363618016243
2,23,CHORD,True,False,independent_ultradian,1.3322676295501878e-15,True,independent_ultradian,0.9900515357805941,89.56850692629814
3,23,CHORD,True,False,independent_ultradian,1.9984014443252818e-15,True,independent_ultradian,0.6351489523872873,3503.1039668247104
4,23,CHORD,False,True,harmonic,9.050865460563662e-05,True,harmonic,-0.35835739835078595,3497.2705310210586
5,23,CHORD,False,True,harmonic,0.013578875424808401,True,harmonic,-0.9253462253117412,3463.984834961593
6,23,CHORD,True,False,independent_ultradian,5.440092820663267e-15,True,likely_independent_ultradian,0.5362429633380245,89.4461190328002
7,23,CHORD,True,False,independent_ultradian,1.970645868709653e-14,True,independent_ultradian,0.9652301084771501,3599.888318218291
8,23,CHORD,True,False,independent_ultradian,1.5717513532576e-05,True,independent_ultradian,0.9886298680045585,3609.1094966977835
9,23,CHORD,False,False,non_rhythmic,0.11869324772669892,False,non_rhythmic,0.0,11.240989901125431
10,23,CHORD,False,False,non_rhythmic,0.5,False,non_rhythmic,0.0,10.731028392910957
11,23,CHORD,True,False,independent_ultradian,0.20039215484487588,False,non_rhythmic,0.0,11.232299730181694
12,23,CHORD,True,False,independent_ultradian,1.9984014443252818e-15,True,independent_ultradian,0.9661857167259117,91.50205180048943
13,23,CHORD,False,True,harmonic,9.962465477308946e-05,True,harmonic,-0.9351614914124071,3480.606621131301
14,23,CHORD,False,True,harmonic,1.0889860346807723e-08,True,harmonic,-0.9700983787763118,3467.9490588605404
15,23,CHORD,False,True,harmonic,0.051496581548621134,False,circadian_only,0.0,11.487437412142754
1,24,CHORD,False,False,non_rhythmic,0.1922280910582817,False,circadian_only,0.0,11.391464620828629
2,24,CHORD,True,False,independent_ultradian,1.9984014443252818e-15,True,independent_ultradian,0.9554231609157486,91.47997573018074
3,24,CHORD,True,False,independent_ultradian,1.9984014443252818e-15,True,independent_ultradian,0.703905603936621,87.31008414179087
4,24,CHORD,False,True,harmonic,3.228897309803802e-05,True,harmonic,-0.35835739835078595,3462.071470916271
5,24,CHORD,False,True,harmonic,0.0007187695893078327,True,harmonic,-0.9318116955837087,3436.185035854578
6,24,CHORD,True,False,independent_ultradian,4.052314039881821e-15,True,independent_ultradian,0.9820554651094949,91.2025822326541
7,24,CHORD,True,False,independent_ultradian,8.604228440844963e-15,True,likely_independent_ultradian,0.5554823648868297,89.00230843573809
8,24,CHORD,True,False,independent_ultradian,0.00011117336567739722,True,independent_ultradian,0.9166926777825701,3549.1046672686934
9,24,CHORD,False,False,non_rhythmic,0.3970062989491092,False,non_rhythmic,0.0,11.452686972916126
10,24,CHORD,False,False,non_rhythmic,0.08576087630393853,False,non_rhythmic,0.0,10.849511250853539
11,24,CHORD,True,False,independent_ultradian,0.03222295097251027,True,independent_ultradian,0.9540452601799488,3657.455777749419
12,24,CHORD,True,False,independent_ultradian,7.87370169064161e-13,True,likely_independent_ultradian,0.5078008815456131,3630.369208753109
13,24,CHORD,False,True,harmonic,3.881743482370137e-06,True,harmonic,-0.35453978315661006,3478.954288177192
14,24,CHORD,False,True,harmonic,1.009080543568075e-07,True,harmonic,-0.633659206691114,3436.012546531856
15,24,CHORD,False,True,harmonic,0.1400724618298546,False,circadian_only,0.0,11.096438392996788
1,25,CHORD,False,False,non_rhythmic,0.22182028602846598,False,circadian_only,0.0,11.47201843559742
2,25,CHORD,True,False,independent_ultradian,1.9984014443252818e-15,True,independent_ultradian,0.9846134463903207,95.05655337125063
3,25,CHORD,True,False,independent_ultradian,1.9984014443252818e-15,True,independent_ultradian,0.703905603936621,3467.6589220762253
4,25,CHORD,False,True,harmonic,8.314983755258742e-05,True,harmonic,-0.5545997223493823,3495.2401500195265
5,25,CHORD,False,True,harmonic,0.009523279410216356,True,harmonic,-0.9540452601799488,3482.2539826855063
6,25,CHORD,True,False,independent_ultradian,1.815214645262131e-14,True,independent_ultradian,0.9769388417907886,90.32668266445398
7,25,CHORD,True,False,independent_ultradian,6.294964549624638e-14,True,independent_ultradian,0.9728327995360023,92.96308644115925
8,25,CHORD,True,False,independent_ultradian,1.4998243492825303e-05,True,independent_ultradian,0.9745997550378455,3629.0616588667035
9,25,CHORD,False,False,non_rhythmic,0.3777202523600973,False,non_rhythmic,0.0,11.442728340625763
10,25,CHORD,False,False,non_rhythmic,0.4332746261540092,False,non_rhythmic,0.0,11.242803186178207
11,25,CHORD,True,False,independent_ultradian,0.15385498143396403,False,non_rhythmic,0.0,10.982386767864227
12,25,CHORD,True,False,independent_ultradian,1.9984014443252818e-15,True,likely_independent_ultradian,0.4909841645740626,91.55264496803284
13,25,CHORD,False,True,harmonic,7.513801183023361e-06,True,harmonic,-0.9713853942023815,3499.828942120075
14,25,CHORD,False,True,harmonic,2.669880345140818e-07,True,ambiguous,0.24555179968624422,3508.230202831328
15,25,CHORD,False,True,harmonic,0.1271924506660439,False,circadian_only,0.0,11.497470550239086
1,26,CHORD,False,False,non_rhythmic,0.44054677001895326,False,circadian_only,0.0,11.138470843434334
2,26,CHORD,True,False,independent_ultradian,1.9984014443252818e-15,True,independent_ultradian,0.9795021671933356,90.87257087230682
3,26,CHORD,True,False,independent_ultradian,1.9984014443252818e-15,True,likely_independent_ultradian,0.46211715726000974,3480.064546689391
4,26,CHORD,False,True,harmonic,1.4738976396533321e-05,True,harmonic,-0.703905603936621,3484.2259446159005
5,26,CHORD,False,True,harmonic,0.009830091684105036,True,harmonic,-0.9918597245682078,3498.866974376142
6,26,CHORD,True,False,independent_ultradian,4.052314039881821e-15,True,likely_independent_ultradian,0.5283378607509366,91.37318842113018
7,26,CHORD,True,False,independent_ultradian,8.359979375427429e-14,True,independent_ultradian,0.9674681577924013,92.30863023549318
8,26,CHORD,True,False,independent_ultradian,2.307983590910112e-07,True,independent_ultradian,0.9279648333841717,89.64214473962784
9,26,CHORD,False,False,non_rhythmic,0.5,False,non_rhythmic,0.0,11.03368028998375
10,26,CHORD,False,False,non_rhythmic,0.14212293047088342,False,non_rhythmic,0.0,10.85276436060667
11,26,CHORD,True,False,independent_ultradian,0.013099930674710158,True,independent_ultradian,0.8798266996519848,3687.95011844486
12,26,CHORD,True,False,independent_ultradian,6.5503158452884236e-15,True,independent_ultradian,0.9738112625993904,3669.9736919254065
13,26,CHORD,False,True,harmonic,4.189001483390076e-05,True,harmonic,-0.9624938323379912,3462.8152698278427
14,26,CHORD,False,True,harmonic,4.9011825153932875e-09,True,ambiguous,-0.21916810086838465,88.28348573297262
15,26,CHORD,False,True,harmonic,0.5,False,circadian_only,0.0,11.61861326545477
1,27,CHORD,False,False,non_rhythmic,0.0999371659124505,False,circadian_only,0.0,11.191313154995441
2,27,CHORD,True,False,independent_ultradian,1.9984014443252818e-15,True,independent_ultradian,0.9685101640915209,89.93344847112894
3,27,CHORD,True,False,independent_ultradian,1.715294573045867e-14,True,independent_ultradian,0.850015127940275,3496.9988325610757
4,27,CHORD,False,True,harmonic,5.226197907443053e-05,True,harmonic,-0.46211715726000974,3485.757232643664
5,27,CHORD,False,True,harmonic,0.0011224988256452462,True,harmonic,-0.9863863050101804,3500.0909259542823
6,27,CHORD,True,False,independent_ultradian,3.7969627442180354e-14,True,independent_ultradian,0.9707907079035653,88.29495124518871
7,27,CHORD,True,False,independent_ultradian,1.9984014443252818e-15,True,ambiguous,-0.24491866240370913,92.20768697559834
8,27,CHORD,True,False,independent_ultradian,5.238242702804152e-05,True,independent_ultradian,0.8482836399575129,3640.4776694253087
9,27,CHORD,False,False,non_rhythmic,0.5,False,non_rhythmic,0.0,11.291527189314365
10,27,CHORD,False,False,non_rhythmic,0.06206904184329409,False,non_rhythmic,0.0,10.847224853932858
11,27,CHORD,True,False,independent_ultradian,0.0005380775884040179,True,independent_ultradian,0.9734675413114058,3661.055891774595
12,27,CHORD,True,False,independent_ultradian,1.9984014443252818e-15,True,independent_ultradian,0.9710469593516804,91.79570991545916
13,27,CHORD,False,True,harmonic,0.0001326499937788772,True,harmonic,-0.945820740555664,3523.7374724820256
14,27,CHORD,False,True,harmonic,4.405084546577065e-07,True,harmonic,-0.8767586822091887,3489.574038423598
15,27,CHORD,False,True,harmonic,0.002910553715800679,True,harmonic,-0.7211721924370773,3539.117724634707
1,28,CHORD,False,False,non_rhythmic,0.5,False,circadian_only,0.0,12.076866813004017
2,28,CHORD,True,False,independent_ultradian,1.3322676295501878e-15,True,independent_ultradian,0.9582973544140271,100.49798712134361
3,28,CHORD,True,False,independent_ultradian,1.9984014443252818e-15,True,independent_ultradian,0.9415889577844564,3543.765644542873
4,28,CHORD,False,True,harmonic,0.0002067410171608386,True,harmonic,-0.5545997223493823,3466.5361177176237
5,28,CHORD,False,True,harmonic,0.012231623082422705,True,harmonic,-0.9866142981514303,3614.116506651044
6,28,CHORD,True,False,independent_ultradian,4.052314039881821e-15,True,independent_ultradian,0.9886645503503603,3595.2095445245504
7,28,CHORD,True,False,independent_ultradian,3.885780586188048e-15,True,ambiguous,0.12728450709635805,95.35605646669865
8,28,CHORD,True,False,independent_ultradian,5.23050346090681e-07,True,independent_ultradian,0.9375560713358743,3717.717126943171
9,28,CHORD,False,False,non_rhythmic,0.5,False,non_rhythmic,0.0,11.451032012701035
10,28,CHORD,False,False,non_rhythmic,0.08712152123062472,False,non_rhythmic,0.0,10.9016178175807
11,28,CHORD,True,False,independent_ultradian,0.00821115486392704,True,independent_ultradian,0.9822629465512714,92.4247158691287
12,28,CHORD,True,False,independent_ultradian,1.9909629500602932e-12,True,independent_ultradian,0.9727308822047681,92.93111879378557
13,28,CHORD,False,True,harmonic,0.0003483545646754682,True,harmonic,-0.9137918518106986,3512.3467659577727
14,28,CHORD,False,True,harmonic,7.080608321885506e-11,True,harmonic,-0.9051482536448665,88.31812720745802
15,28,CHORD,False,True,harmonic,0.11567548785146564,False,circadian_only,0.0,10.948579758405685
1,29,CHORD,False,False,non_rhythmic,0.3322318087783349,False,circadian_only,0.0,11.063983663916588
2,29,CHORD,True,False,independent_ultradian,1.1046719095020308e-14,True,likely_independent_ultradian,0.4848443845660072,95.6863583996892
3,29,CHORD,True,False,independent_ultradian,1.9984014443252818e-15,True,independent_ultradian,0.6114643845631778,88.67237530648708
4,29,CHORD,False,True,harmonic,0.0007351626037339631,True,harmonic,-0.6321015573580775,3489.9347769096494
5,29,CHORD,False,True,harmonic,0.0008595263631350214,True,harmonic,-0.9943981089784556,3489.882762543857
6,29,CHORD,True,False,independent_ultradian,4.052314039881821e-15,True,independent_ultradian,0.8417078449750236,3638.612413778901
7,29,CHORD,True,False,independent_ultradian,3.647082635893639e-14,True,independent_ultradian,0.9845148537291738,91.26427303999662
8,29,CHORD,True,False,independent_ultradian,0.0003170120005235866,True,independent_ultradian,0.970422688432706,3746.2920863181353
9,29,CHORD,False,False,non_rhythmic,0.014902822944794114,True,independent_ultradian,0.9467084145099754,89.52480088919401
10,29,CHORD,False,False,non_rhythmic,0.4038605656996212,False,non_rhythmic,0.0,11.832992546260357
11,29,CHORD,True,False,independent_ultradian,0.06752756152741146,False,non_rhythmic,0.0,11.394292116165161
12,29,CHORD,True,False,independent_ultradian,1.9984014443252818e-15,True,independent_ultradian,0.978305466481412,91.05800837278366
13,29,CHORD,False,True,harmonic,8.506281981823793e-05,True,harmonic,-0.9531366422032901,3484.386621043086
14,29,CHORD,False,True,harmonic,4.546059997334595e-07,True,harmonic,-0.7345411267523688,89.57158401608467
15,29,CHORD,False,True,harmonic,0.000810392832492457,True,harmonic,-0.9758098204561823,3520.9746649488807
1,30,CHORD,False,False,non_rhythmic,0.5,False,circadian_only,0.0,11.09844446182251
2,30,CHORD,True,False,independent_ultradian,1.3322676295501878e-15,True,likely_independent_ultradian,0.3593967793782555,102.89552435278893
3,30,CHORD,True,False,independent_ultradian,1.9984014443252818e-15,True,independent_ultradian,0.8560912537370073,3491.3716316223145
4,30,CHORD,False,True,harmonic,0.0013502750311531475,True,harmonic,-0.819325576783087,3476.130571216345
5,30,CHORD,False,True,harmonic,0.03265640975097528,True,harmonic,-0.9780261147388136,3470.6154596060514
6,30,CHORD,True,False,independent_ultradian,4.052314039881821e-15,True,likely_independent_ultradian,0.5783673571863267,88.80067896097898
7,30,CHORD,True,False,independent_ultradian,2.2531976284767552e-13,True,independent_ultradian,0.9769155121328048,91.78117383271456
8,30,CHORD,True,False,independent_ultradian,5.240668939920923e-07,True,independent_ultradian,0.9402311307655817,96.01429849863052
9,30,CHORD,False,False,non_rhythmic,0.5,False,non_rhythmic,0.0,11.296459473669529
10,30,CHORD,False,False,non_rhythmic,0.2839010006734034,False,non_rhythmic,0.0,10.894250124692917
11,30,CHORD,True,False,independent_ultradian,0.012961848345424576,True,independent_ultradian,0.9875323748076659,3627.6273000985384
12,30,CHORD,True,False,independent_ultradian,1.3988810110276972e-14,True,likely_independent_ultradian,0.3777146464783468,94.81127001345158
13,30,CHORD,False,True,harmonic,0.00018885532816892425,True,harmonic,-0.9706074136262696,3489.997338503599
14,30,CHORD,False,True,harmonic,4.4438373369981576e-07,True,harmonic,-0.72842115829372,3433.1491636112332
15,30,CHORD,False,True,harmonic,0.07637189435516711,False,circadian_only,0.0,11.106154881417751
1,31,CHORD,False,False,non_rhythmic,0.30061127882191274,False,circadian_only,0.0,10.922100394964218
2,31,CHORD,True,False,independent_ultradian,1.9984014443252818e-15,True,ambiguous,0.0,3493.2389687746763
3,31,CHORD,True,False,independent_ultradian,2.609024107869118e-15,True,independent_ultradian,0.9106860654656398,3551.2808449566364
4,31,CHORD,False,True,harmonic,0.0003796771229792606,True,harmonic,-0.4621171572600097,3523.905989713967
5,31,CHORD,False,True,harmonic,0.00028583388396574705,True,harmonic,-0.9760631251357207,3483.585111796856
6,31,CHORD,True,False,independent_ultradian,5.0681681074138396e-14,True,independent_ultradian,0.9494197400646085,87.71023992449045
7,31,CHORD,True,False,independent_ultradian,1.2686462991240433e-11,True,independent_ultradian,0.9402611478152612,3696.9919856637716
8,31,CHORD,True,False,independent_ultradian,3.5374063797000144e-05,True,independent_ultradian,0.969578825350487,3687.6854738220572
9,31,CHORD,False,False,non_rhythmic,0.5,False,circadian_only,0.0,11.38400286436081
10,31,CHORD,False,False,non_rhythmic,0.41974062744697055,False,non_rhythmic,0.0,11.448345147073269
11,31,CHORD,True,False,independent_ultradian,0.2958481262117433,False,non_rhythmic,0.0,11.087625287473202
12,31,CHORD,True,False,independent_ultradian,1.9984014443252818e-15,True,likely_independent_ultradian,0.5539409345529483,3655.37778660655
13,31,CHORD,False,True,harmonic,1.0163767566961912e-05,True,harmonic,-0.978376848340406,3482.278222218156
14,31,CHORD,False,True,harmonic,7.585113093178109e-10,True,harmonic,-0.8507234484742074,3462.0619602501392
15,31,CHORD,False,True,harmonic,0.00839411824998243,True,harmonic,-0.5555166590787587,88.67092989385128
1,32,CHORD,False,False,non_rhythmic,0.4974257385817725,False,circadian_only,0.0,10.968192480504513
2,32,CHORD,True,False,independent_ultradian,1.3322676295501878e-15,True,independent_ultradian,0.7237796308505383,3709.569225087762
3,32,CHORD,True,False,independent_ultradian,1.9984014443252818e-15,True,independent_ultradian,0.703905603936621,3419.771622866392
4,32,CHORD,False,True,harmonic,0.00017720830704670565,True,harmonic,-0.46211715726000974,3487.252946011722
5,32,CHORD,False,True,harmonic,0.0009205784073738621,True,harmonic,-0.9497413229381847,86.89700905233622
6,32,CHORD,True,False,independent_ultradian,4.052314039881821e-15,True,independent_ultradian,0.9660497074631295,88.15447054803371
7,32,CHORD,True,False,independent_ultradian,1.4710455076283324e-14,True,independent_ultradian,0.9637910064326394,91.94181486964226
8,32,CHORD,True,False,independent_ultradian,1.7755253544637917e-05,True,independent_ultradian,0.9804078826354286,88.15472107380629
9,32,CHORD,False,False,non_rhythmic,0.5,False,non_rhythmic,0.0,11.37265469878912
10,32,CHORD,False,False,non_rhythmic,0.5,False,non_rhythmic,0.0,10.982343927025795
11,32,CHORD,True,False,independent_ultradian,0.009223209189282988,True,independent_ultradian,0.9612455553664677,3620.005127042532
12,32,CHORD,True,False,independent_ultradian,3.5860203695392556e-14,True,independent_ultradian,0.9565145706759469,91.2198992446065
13,32,CHORD,False,True,harmonic,6.240998108214546e-05,True,harmonic,-0.9341126285382558,3454.8629159107804
14,32,CHORD,False,True,harmonic,4.4952341848869537e-10,True,harmonic,-0.33077902751889976,3477.747378870845
15,32,CHORD,False,True,harmonic,0.008287251911032745,True,harmonic,-0.8482836399575129,3475.9492138400674
1,33,CHORD,False,False,non_rhythmic,0.16936084223684095,False,circadian_only,0.0,11.07675675302744
2,33,CHORD,True,False,independent_ultradian,1.3322676295501878e-15,True,independent_ultradian,0.9828466579225139,3738.3908107876778
3,33,CHORD,True,False,independent_ultradian,1.9984014443252818e-15,True,independent_ultradian,0.7367442349935579,3501.8550138920546
4,33,CHORD,False,True,harmonic,0.0005295776787887507,True,harmonic,-0.46211715726000974,3497.413813136518
5,33,CHORD,False,True,harmonic,9.149157131960184e-06,True,ambiguous,-0.1753057217012803,88.13189715147018
6,33,CHORD,True,False,independent_ultradian,1.0269562977782698e-14,True,independent_ultradian,0.9153659367774943,89.36536777764559
7,33,CHORD,True,False,independent_ultradian,8.260059303211165e-14,True,independent_ultradian,0.9773799856152388,3612.640022300184
8,33,CHORD,True,False,independent_ultradian,2.222762507386733e-08,True,independent_ultradian,0.9774399270410604,90.07623698562384
9,33,CHORD,False,False,non_rhythmic,0.4243649595561061,False,non_rhythmic,0.0,11.333473958075047
10,33,CHORD,False,False,non_rhythmic,0.14623695808204823,False,circadian_only,0.0,11.530478484928608
11,33,CHORD,True,False,independent_ultradian,0.0880727966606123,False,non_rhythmic,0.0,10.822750627994537
12,33,CHORD,True,False,independent_ultradian,1.609823385706477e-15,True,likely_independent_ultradian,0.35835739835078595,90.96400998532772
13,33,CHORD,False,True,harmonic,0.0002591874874762756,True,harmonic,-0.9815262590407142,3506.2330793589354
14,33,CHORD,False,True,harmonic,2.6333600799954837e-08,True,harmonic,-0.9693081314270691,87.87732291966677
15,33,CHORD,False,True,harmonic,0.0006575103124282777,True,harmonic,-0.9878293181184336,3485.5539612472057
1,34,CHORD,False,False,non_rhythmic,0.5,False,circadian_only,0.0,11.38546597212553
2,34,CHORD,True,False,independent_ultradian,1.9984014443252818e-15,True,likely_independent_ultradian,0.4727342441657724,90.51370061933994
3,34,CHORD,True,False,independent_ultradian,2.7755575615628914e-15,True,independent_ultradian,0.7585899026833628,3457.19990786165
4,34,CHORD,False,True,harmonic,1.9575875932376086e-05,True,ambiguous,-0.24491866240370913,3491.159630008042
5,34,CHORD,False,True,harmonic,0.00041480690719625235,True,harmonic,-0.9866142981514303,3472.8426970541477
6,34,CHORD,True,False,independent_ultradian,4.052314039881821e-15,True,independent_ultradian,0.982721049191478,93.67903228849173
7,34,CHORD,True,False,independent_ultradian,1.9984014443252818e-15,True,independent_ultradian,0.9528515051116805,91.14564955234528
8,34,CHORD,True,False,independent_ultradian,0.00011157232559594332,True,independent_ultradian,0.9742243293685507,3652.4125784635544
9,34,CHORD,False,False,non_rhythmic,0.5,False,non_rhythmic,0.0,11.153710074722767
10,34,CHORD,False,False,non_rhythmic,0.14640670138345568,False,non_rhythmic,0.0,11.228612624108791
11,34,CHORD,True,False,independent_ultradian,0.5,False,non_rhythmic,0.0,10.90183388441801
12,34,CHORD,True,False,independent_ultradian,1.9984014443252818e-15,True,likely_independent_ultradian,0.4347285349024333,94.47102341800928
13,34,CHORD,False,True,harmonic,1.105943413359789e-05,True,harmonic,-0.9652646242948448,3500.5439734086394
14,34,CHORD,False,True,harmonic,4.186140323270138e-10,True,harmonic,-0.885813601472284,89.55643139779568
15,34,CHORD,False,True,harmonic,0.010970799386102126,True,harmonic,-0.703905603936621,3485.0667621940374
1,35,CHORD,False,False,non_rhythmic,0.5,False,circadian_only,0.0,11.027778498828411
2,35,CHORD,True,False,independent_ultradian,2.3869795029440866e-14,True,independent_ultradian,0.942660250969773,91.52738098055124
3,35,CHORD,True,False,independent_ultradian,1.9984014443252818e-15,True,likely_independent_ultradian,0.35835739835078595,3490.918637253344
4,35,CHORD,False,True,harmonic,1.570755589802575e-05,True,harmonic,-0.4621171572600097,3474.165271036327
5,35,CHORD,False,True,harmonic,0.007687887754678269,True,harmonic,-0.9866142981514303,3464.2058769240975
6,35,CHORD,True,False,independent_ultradian,4.052314039881821e-15,True,independent_ultradian,0.9222427190187538,3640.0947645306587
7,35,CHORD,True,False,independent_ultradian,2.101060436743296e-10,True,independent_ultradian,0.9625761089954362,3638.9645347371697
8,35,CHORD,True,False,independent_ultradian,0.0016753816429938562,True,independent_ultradian,0.9623083735294536,3606.2858691439033
9,35,CHORD,False,False,non_rhythmic,0.5,False,non_rhythmic,0.0,10.943526402115822
10,35,CHORD,False,False,non_rhythmic,0.1502761391653593,False,non_rhythmic,0.0,10.926454328000546
11,35,CHORD,True,False,independent_ultradian,0.0014620499786617835,True,independent_ultradian,0.9442106982313548,3726.71318333596
12,35,CHORD,True,False,independent_ultradian,1.9984014443252818e-15,True,independent_ultradian,0.9715026133035081,94.13933474570513
13,35,CHORD,False,True,harmonic,0.00017194492821520635,True,harmonic,-0.9230692505786249,3502.6087621226907
14,35,CHORD,False,True,harmonic,9.646636792148833e-07,True,harmonic,-0.8471481854569698,3531.8076023831964
15,35,CHORD,False,True,harmonic,0.32181732453028766,False,circadian_only,0.0,11.40555739402771
1,36,CHORD,False,False,non_rhythmic,0.5,False,circadian_only,0.0,11.429747566580772
2,36,CHORD,True,False,independent_ultradian,1.3322676295501878e-15,True,independent_ultradian,0.9850999608386545,105.71066942065954
3,36,CHORD,True,False,independent_ultradian,7.716050021144838e-15,True,likely_independent_ultradian,0.5545997223493823,87.98929117619991
4,36,CHORD,False,True,harmonic,1.8241568396526464e-05,True,harmonic,-0.5545997223493823,3457.720679230988
5,36,CHORD,False,True,harmonic,0.045770191208049926,True,harmonic,-0.9866142981514303,3499.6693432331085
6,36,CHORD,True,False,independent_ultradian,4.052314039881821e-15,True,independent_ultradian,0.9520367889215053,91.5299616754055
7,36,CHORD,True,False,independent_ultradian,2.5955348981199222e-12,True,likely_independent_ultradian,0.5816288683261414,3584.78581905365
8,36,CHORD,True,False,independent_ultradian,4.0841414078396365e-05,True,independent_ultradian,0.9679249889680871,89.68016598373652
9,36,CHORD,False,False,non_rhythmic,0.5,False,non_rhythmic,0.0,11.004827916622162
10,36,CHORD,False,False,non_rhythmic,0.2573009640960674,False,circadian_only,0.0,11.408309452235699
11,36,CHORD,True,False,independent_ultradian,0.24441181256061356,False,non_rhythmic,0.0,11.145511642098427
12,36,CHORD,True,False,independent_ultradian,4.440892098500626e-15,True,independent_ultradian,0.9367758412777671,92.52688754349947
13,36,CHORD,False,True,harmonic,5.851169336823503e-06,True,harmonic,-0.9308910798740108,3486.679037101567
14,36,CHORD,False,True,harmonic,1.202198603722504e-06,True,harmonic,-0.9729976912688707,3465.411032550037
15,36,CHORD,False,True,harmonic,0.021809811328720063,True,harmonic,-0.9780261147388136,3485.0758239626884
1,37,CHORD,False,False,non_rhythmic,0.2771262388630001,False,circadian_only,0.0,10.972428135573864
2,37,CHORD,True,False,independent_ultradian,1.9984014443252818e-15,True,likely_independent_ultradian,0.5631493891945452,88.35557475686073
3,37,CHORD,True,False,independent_ultradian,5.384581669432009e-15,True,independent_ultradian,0.7766879892258473,90.89156985282898
4,37,CHORD,False,True,harmonic,0.0010311738840431683,True,harmonic,-0.629769490946796,3493.7677485868335
5,37,CHORD,False,True,harmonic,3.990058523778428e-05,True,harmonic,-0.9122123542065367,3466.6862059384584
6,37,CHORD,True,False,independent_ultradian,4.052314039881821e-15,True,independent_ultradian,0.9355214613111016,92.91292168200016
7,37,CHORD,True,False,independent_ultradian,2.831068712794149e-15,True,independent_ultradian,0.8343623876085482,3616.000491194427
8,37,CHORD,True,False,independent_ultradian,6.729903149760297e-07,True,independent_ultradian,0.9613829297187757,3689.151030033827
9,37,CHORD,False,False,non_rhythmic,0.0816051317989141,False,non_rhythmic,0.0,11.72205712646246
10,37,CHORD,False,False,non_rhythmic,0.08315921681890082,False,circadian_only,0.0,11.013858951628208
11,37,CHORD,True,False,independent_ultradian,0.49745136017023067,False,non_rhythmic,0.0,11.589083820581436
12,37,CHORD,True,False,independent_ultradian,1.9984014443252818e-15,True,likely_independent_ultradian,0.35835739835078595,3577.3727521300316
13,37,CHORD,False,True,harmonic,0.00033830224619435523,True,harmonic,-0.8131106834624537,3514.271586202085
14,37,CHORD,False,True,harmonic,4.954837601323092e-08,True,harmonic,-0.7364829147790569,3482.251316308975
15,37,CHORD,False,True,harmonic,0.023200257323066298,True,harmonic,-0.8399359276128634,3502.29858700186
1,38,CHORD,False,False,non_rhythmic,0.5,False,circadian_only,0.0,11.147933080792427
2,38,CHORD,True,False,independent_ultradian,1.9984014443252818e-15,True,independent_ultradian,0.9766870234299416,90.85181634873152
3,38,CHORD,True,False,independent_ultradian,1.5487611193520934e-14,True,independent_ultradian,0.8716586029663924,3463.5539865121245
4,38,CHORD,False,True,harmonic,0.0001634829128620563,True,harmonic,-0.7621176313106227,3480.845426209271
5,38,CHORD,False,True,harmonic,0.007139725743091407,True,harmonic,-0.809301070201781,3475.9772019460797
6,38,CHORD,True,False,independent_ultradian,4.052314039881821e-15,True,independent_ultradian,0.9703911330668186,3600.6503123790026
7,38,CHORD,True,False,independent_ultradian,1.249000902703301e-13,True,independent_ultradian,0.952162331310091,93.72321143746376
8,38,CHORD,True,False,independent_ultradian,1.7439562328136482e-06,True,independent_ultradian,0.9636658389997644,3739.6325385197997
9,38,CHORD,False,False,non_rhythmic,0.5,False,non_rhythmic,0.0,11.465132236480713
10,38,CHORD,False,False,non_rhythmic,0.1869713083431404,False,circadian_only,0.0,10.91780699789524
11,38,CHORD,True,False,independent_ultradian,0.5,False,non_rhythmic,0.0,10.891775600612164
12,38,CHORD,True,False,independent_ultradian,4.524158825347513e-14,True,independent_ultradian,0.9865913544097554,3692.7571706473827
13,38,CHORD,False,True,harmonic,0.00010358006556365762,True,harmonic,-0.9449475453357178,3504.1874470189214
14,38,CHORD,False,True,harmonic,5.50663736831325e-10,True,harmonic,-0.9553631033821308,3493.0620342493057
15,38,CHORD,False,True,harmonic,0.12352672091959355,False,circadian_only,0.0,11.507443152368069
1,39,CHORD,False,False,non_rhythmic,0.0350553638514603,True,harmonic,-0.809301070201781,3522.0020404085517
2,39,CHORD,True,False,independent_ultradian,1.9984014443252818e-15,True,independent_ultradian,0.956857693320621,92.55768731236458
3,39,CHORD,True,False,independent_ultradian,1.9984014443252818e-15,True,likely_independent_ultradian,0.46211715726000974,89.98571056872606
4,39,CHORD,False,True,harmonic,0.000476269101605975,True,ambiguous,-0.2449186624037092,3489.4016021862626
5,39,CHORD,False,True,harmonic,9.181936996205398e-05,True,harmonic,-0.9828450291725761,3490.481928922236
6,39,CHORD,True,False,independent_ultradian,4.052314039881821e-15,True,independent_ultradian,0.9639688047051679,89.96640238910913
7,39,CHORD,True,False,independent_ultradian,2.0260570998686944e-11,True,independent_ultradian,0.9139825895788374,94.18825898319483
8,39,CHORD,True,False,independent_ultradian,1.2978689325093828e-05,True,independent_ultradian,0.9921521342376607,3721.2637020274997
9,39,CHORD,False,False,non_rhythmic,0.5,False,non_rhythmic,0.0,11.619536206126213
10,39,CHORD,False,False,non_rhythmic,0.12842202064392044,False,non_rhythmic,0.0,11.052661575376987
11,39,CHORD,True,False,independent_ultradian,0.0033363935923621524,True,independent_ultradian,0.931639083352023,3576.0215325281024
12,39,CHORD,True,False,independent_ultradian,1.9984014443252818e-15,True,independent_ultradian,0.9850545595288919,93.58058590441942
13,39,CHORD,False,True,harmonic,7.948546301128623e-05,True,harmonic,-0.8835688975738735,3551.2629309669137
14,39,CHORD,False,True,harmonic,1.0132450434241491e-12,True,ambiguous,0.08970176880636008,88.79159390926361
15,39,CHORD,False,True,harmonic,7.013172139180845e-05,True,harmonic,-0.9803861342162578,3527.9298666864634
1,40,CHORD,False,False,non_rhythmic,0.5,False,circadian_only,0.0,11.495962738990784
2,40,CHORD,True,False,independent_ultradian,1.609823385706477e-15,True,independent_ultradian,0.9827123566259366,3703.4801756963134
3,40,CHORD,True,False,independent_ultradian,1.9984014443252818e-15,True,independent_ultradian,0.8340624285109848,88.90863973647356
4,40,CHORD,False,True,harmonic,0.0005062475212120887,True,harmonic,-0.6351489523872873,3480.5212561041117
5,40,CHORD,False,True,harmonic,9.270885545364926e-07,True,harmonic,-0.592578117232169,87.77512051165104
6,40,CHORD,True,False,independent_ultradian,8.826273045769994e-15,True,independent_ultradian,0.9493717645111737,3624.2720847949386
7,40,CHORD,True,False,independent_ultradian,2.4253377084448857e-12,True,independent_ultradian,0.8197176349160797,3645.2230094000697
8,40,CHORD,True,False,independent_ultradian,1.2510808493348957e-05,True,independent_ultradian,0.9821083039638523,3644.111202098429
9,40,CHORD,False,False,non_rhythmic,0.22138438690907064,False,non_rhythmic,0.0,11.571414768695831
10,40,CHORD,False,False,non_rhythmic,0.1476883191918752,False,circadian_only,0.0,10.949449613690376
11,40,CHORD,True,False,independent_ultradian,0.15893411629089782,False,non_rhythmic,0.0,11.176316067576408
12,40,CHORD,True,False,independent_ultradian,1.9984014443252818e-15,True,independent_ultradian,0.9902314533251605,3556.3469380140305
13,40,CHORD,False,True,harmonic,5.1095367218312315e-05,True,harmonic,-0.6826711655439546,3504.6119038015604
14,40,CHORD,False,True,harmonic,2.077017408064208e-08,True,harmonic,-0.6571946864936272,3439.9276776239276
15,40,CHORD,False,True,harmonic,0.17264222163009685,False,circadian_only,0.0,11.6580780595541
1,41,CHORD,False,False,non_rhythmic,0.5,False,circadian_only,0.0,11.350841261446476
2,41,CHORD,True,False,independent_ultradian,1.7763568394002505e-15,True,independent_ultradian,0.8480836086968206,3666.8597077950835
3,41,CHORD,True,False,independent_ultradian,1.9984014443252818e-15,True,independent_ultradian,0.6928916132613425,88.95335532724857
4,41,CHORD,False,True,harmonic,0.000976761588717956,True,harmonic,-0.46211715726000974,3531.369070522487
5,41,CHORD,False,True,harmonic,0.0001167287944666695,True,harmonic,-0.9635190228221847,3471.0099129006267
6,41,CHORD,True,False,independent_ultradian,4.052314039881821e-15,True,independent_ultradian,0.9237912099378276,90.23516066372395
7,41,CHORD,True,False,independent_ultradian,3.8188352480261756e-09,True,independent_ultradian,0.6749045409600021,3636.281341314316
8,41,CHORD,True,False,independent_ultradian,5.4963360616222534e-05,True,independent_ultradian,0.9688648512626917,3618.0881541222334
9,41,CHORD,False,False,non_rhythmic,0.5,False,non_rhythmic,0.0,11.373140849173069
10,41,CHORD,False,False,non_rhythmic,0.5,False,non_rhythmic,0.0,10.777326300740242
11,41,CHORD,True,False,independent_ultradian,0.3868810943119643,False,non_rhythmic,0.0,11.20520755648613
12,41,CHORD,True,False,independent_ultradian,1.9984014443252818e-15,True,independent_ultradian,0.9263414515976844,90.26582259684801
13,41,CHORD,False,True,harmonic,0.00026018658579579634,True,harmonic,-0.9651694674353742,3486.1840419471264
14,41,CHORD,False,True,harmonic,8.670024365109441e-09,True,harmonic,-0.38131174255919054,3482.269727624953
15,41,CHORD,False,True,harmonic,0.027023580725655527,True,harmonic,-0.9866142981514303,89.51444365084171
1,42,CHORD,False,False,non_rhythmic,0.5,False,circadian_only,0.0,11.318829841911793
2,42,CHORD,True,False,independent_ultradian,1.9984014443252818e-15,True,likely_independent_ultradian,0.35835739835078595,87.01313938945532
3,42,CHORD,True,False,independent_ultradian,1.9984014443252818e-15,True,independent_ultradian,0.9224690595361156,3494.5801105350256
4,42,CHORD,False,True,harmonic,0.023181175395204312,True,harmonic,-0.8290292478724997,3485.9471041709185
5,42,CHORD,False,True,harmonic,0.05599783560382532,False,circadian_only,0.0,11.155776679515839
6,42,CHORD,True,False,independent_ultradian,4.052314039881821e-15,True,independent_ultradian,0.9492203335802953,89.08452466130257
7,42,CHORD,True,False,independent_ultradian,1.4488410471358293e-14,True,independent_ultradian,0.9630124123691454,91.12091735005379
8,42,CHORD,True,False,independent_ultradian,0.0003469463457080879,True,independent_ultradian,0.9387349935025232,3598.050706088543
9,42,CHORD,False,False,non_rhythmic,0.5,False,non_rhythmic,0.0,11.175316758453846
10,42,CHORD,False,False,non_rhythmic,0.5,False,non_rhythmic,0.0,10.859347879886627
11,42,CHORD,True,False,independent_ultradian,0.07136917170621104,False,non_rhythmic,0.0,11.140994727611542
12,42,CHORD,True,False,independent_ultradian,1.9984014443252818e-15,True,independent_ultradian,0.9852053179203054,93.89651846140623
13,42,CHORD,False,True,harmonic,0.0008314006943622165,True,harmonic,-0.96953086787054,3480.0225952640176
14,42,CHORD,False,True,harmonic,1.5298804514340958e-06,True,harmonic,-0.989458787058363,3516.4267336949706
15,42,CHORD,False,True,harmonic,0.002527255049995736,True,harmonic,-0.7083119884997348,3440.980151295662
1,43,CHORD,False,False,non_rhythmic,0.5,False,circadian_only,0.0,10.959691368043423
2,43,CHORD,True,False,independent_ultradian,1.609823385706477e-15,True,likely_independent_ultradian,0.38437390824426304,91.52666013687849
3,43,CHORD,True,False,independent_ultradian,1.9984014443252818e-15,True,likely_independent_ultradian,0.5545997223493823,3451.633629389107
4,43,CHORD,False,True,harmonic,0.005464573911133641,True,harmonic,-0.5753426153094916,3497.4390203133225
5,43,CHORD,False,True,harmonic,5.701941035279878e-05,True,harmonic,-0.6222648710552032,3520.594758912921
6,43,CHORD,True,False,independent_ultradian,4.052314039881821e-15,True,likely_independent_ultradian,0.35835739835078595,3607.108786702156
7,43,CHORD,True,False,independent_ultradian,1.7930101847696278e-14,True,independent_ultradian,0.9933923063712159,3653.5050850361586
8,43,CHORD,True,False,independent_ultradian,0.0003427639045685549,True,independent_ultradian,0.9656777962297374,95.32123059034348
9,43,CHORD,False,False,non_rhythmic,0.4130080859758705,False,non_rhythmic,0.0,11.08449511229992
10,43,CHORD,False,False,non_rhythmic,0.2263015079265404,False,non_rhythmic,0.0,10.992462746798992
11,43,CHORD,True,False,independent_ultradian,0.13480312892249424,False,non_rhythmic,0.0,11.190196499228477
12,43,CHORD,True,False,independent_ultradian,3.4139358007223564e-14,True,independent_ultradian,0.9739823919329443,3626.439455896616
13,43,CHORD,False,True,harmonic,0.00010084597678627905,True,harmonic,-0.9707773957643887,3509.8006203770638
14,43,CHORD,False,True,harmonic,7.358613718366769e-12,True,ambiguous,-0.08112898400900272,3505.7521108537912
15,43,CHORD,False,True,harmonic,0.002018251418954231,True,harmonic,-0.7061985341043819,3525.5298716947436
1,44,CHORD,False,False,non_rhythmic,0.5,False,circadian_only,0.0,11.674060486257076
2,44,CHORD,True,False,independent_ultradian,5.88418203051333e-15,True,independent_ultradian,0.6271248660314863,3670.8454275503755
3,44,CHORD,True,False,independent_ultradian,8.093525849517391e-14,True,independent_ultradian,0.906432884379341,3496.830491349101
4,44,CHORD,False,True,harmonic,0.0015929274862955256,True,harmonic,-0.46211715726000974,3496.101045049727
5,44,CHORD,False,True,harmonic,0.003548171981481052,True,harmonic,-0.971872745913509,3413.5500015690923
6,44,CHORD,True,False,independent_ultradian,4.052314039881821e-15,True,independent_ultradian,0.974812564007494,94.35185138136148
7,44,CHORD,True,False,independent_ultradian,6.539213615042172e-14,True,likely_independent_ultradian,0.5780276072186794,3650.9067686274648
8,44,CHORD,True,False,independent_ultradian,5.742378558937222e-06,True,independent_ultradian,0.9504551450199531,3605.006441473961
9,44,CHORD,False,False,non_rhythmic,0.3714198886160085,False,non_rhythmic,0.0,11.762922629714012
10,44,CHORD,False,False,non_rhythmic,0.5,False,non_rhythmic,0.0,11.645300313830376
11,44,CHORD,True,False,independent_ultradian,0.0938944521133045,False,non_rhythmic,0.0,10.9506631270051
12,44,CHORD,True,False,independent_ultradian,1.1435297153639112e-14,True,independent_ultradian,0.9468058247027448,3680.649525485933
13,44,CHORD,False,True,harmonic,0.00016648808491970257,True,harmonic,-0.9468237386854782,3509.279298596084
14,44,CHORD,False,True,harmonic,5.5840818802277425e-08,True,harmonic,-0.9122162803663567,3504.9521485343575
15,44,CHORD,False,True,harmonic,0.008779067373608562,True,harmonic,-0.9612466042482685,3470.6564070656896
1,45,CHORD,False,False,non_rhythmic,0.12013318295015007,False,circadian_only,0.0,11.493325233459473
2,45,CHORD,True,False,independent_ultradian,1.9984014443252818e-15,True,independent_ultradian,0.968921002182371,93.00846979022026
3,45,CHORD,True,False,independent_ultradian,4.3298697960381105e-15,True,ambiguous,0.12435300177159621,89.08534795045853
4,45,CHORD,False,True,harmonic,0.0004077573355327213,True,harmonic,-0.4621171572600098,3526.496489532292
5,45,CHORD,False,True,harmonic,0.07518147243894291,False,circadian_only,0.0,11.603180319070816
6,45,CHORD,True,False,independent_ultradian,4.052314039881821e-15,True,ambiguous,0.2508466176006503,95.0731635093689
7,45,CHORD,True,False,independent_ultradian,1.9711643428621528e-10,True,independent_ultradian,0.982183779101737,90.97882732748985
8,45,CHORD,True,False,independent_ultradian,3.9650865707452354e-07,True,independent_ultradian,0.9703369495218094,93.05915143340826
9,45,CHORD,False,False,non_rhythmic,0.5,False,non_rhythmic,0.0,11.13340724259615
10,45,CHORD,False,False,non_rhythmic,0.5,False,non_rhythmic,0.0,11.225619353353977
11,45,CHORD,True,False,independent_ultradian,0.18634925341147074,False,non_rhythmic,0.0,11.740442365407944
12,45,CHORD,True,False,independent_ultradian,1.9984014443252818e-15,True,likely_independent_ultradian,0.36453134202971016,92.17971749603748
13,45,CHORD,False,True,harmonic,0.0010916694282110395,True,harmonic,-0.987163678786632,3485.741810873151
14,45,CHORD,False,True,harmonic,2.86918488967558e-10,True,harmonic,-0.9151136926380221,89.3807876855135
15,45,CHORD,False,True,harmonic,0.0013631286406260434,True,harmonic,-0.9900372892212049,3490.4392939060926
1,46,CHORD,False,False,non_rhythmic,0.5,False,circadian_only,0.0,11.377413757145405
2,46,CHORD,True,False,independent_ultradian,1.3322676295501878e-15,True,independent_ultradian,0.9426915687933584,90.18788952380419
3,46,CHORD,True,False,independent_ultradian,1.9984014443252818e-15,True,independent_ultradian,0.7903738199546784,3467.9099740460515
4,46,CHORD,False,True,harmonic,0.006351294293132692,True,harmonic,-0.6727516839514337,3491.1049641668797
5,46,CHORD,False,True,harmonic,0.0008183201568909837,True,harmonic,-0.9488757899496665,3475.6749756634235
6,46,CHORD,True,False,independent_ultradian,4.052314039881821e-15,True,independent_ultradian,0.9181754512581966,3598.712326027453
7,46,CHORD,True,False,independent_ultradian,8.03523914072457e-13,True,independent_ultradian,0.9014982863593907,89.73310887813568
8,46,CHORD,True,False,independent_ultradian,5.153179689076914e-07,True,independent_ultradian,0.9692626011528985,3631.758291274309
9,46,CHORD,False,False,non_rhythmic,0.5,False,non_rhythmic,0.0,11.297043412923813
10,46,CHORD,False,False,non_rhythmic,0.35955027779890675,False,non_rhythmic,0.0,11.260111816227436
11,46,CHORD,True,False,independent_ultradian,0.4107010066030432,False,non_rhythmic,0.0,11.135227978229523
12,46,CHORD,True,False,independent_ultradian,1.9984014443252818e-15,True,independent_ultradian,0.8652212704369997,3633.2993237301707
13,46,CHORD,False,True,harmonic,7.038980110335435e-05,True,harmonic,-0.959354458143252,3481.941431760788
14,46,CHORD,False,True,harmonic,2.764382611708527e-09,True,harmonic,-0.9579243125245136,87.0798621326685
15,46,CHORD,False,True,harmonic,0.46351945782616766,False,circadian_only,0.0,10.996834374964237
1,47,CHORD,False,False,non_rhythmic,0.21561814514117134,False,circadian_only,0.0,10.998853482306004
2,47,CHORD,True,False,independent_ultradian,1.887379141862766e-15,True,likely_independent_ultradian,0.35835739835078595,91.30824264138937
3,47,CHORD,True,False,independent_ultradian,1.9984014443252818e-15,True,independent_ultradian,0.9634294966180006,3468.059143051505
4,47,CHORD,False,True,harmonic,0.0009166048026656437,True,harmonic,-0.3583573983507859,90.62371402978897
5,47,CHORD,False,True,harmonic,1.5808606526168667e-05,True,harmonic,-0.6867799777095236,3534.67130754143
6,47,CHORD,True,False,independent_ultradian,2.1260770921571748e-14,True,independent_ultradian,0.9685077883248779,95.88552080094814
7,47,CHORD,True,False,independent_ultradian,1.9984014443252818e-15,True,independent_ultradian,0.9848676929892128,94.91886477917433
8,47,CHORD,True,False,independent_ultradian,0.00014480496557284228,True,independent_ultradian,0.9749827688908699,3684.6873899921775
9,47,CHORD,False,False,non_rhythmic,0.3580667471744404,False,non_rhythmic,0.0,11.523338034749031
10,47,CHORD,False,False,non_rhythmic,0.5,False,non_rhythmic,0.0,10.934574529528618
11,47,CHORD,True,False,independent_ultradian,0.2884082994607634,False,non_rhythmic,0.0,10.694886557757854
12,47,CHORD,True,False,independent_ultradian,1.9984014443252818e-15,True,likely_independent_ultradian,0.46211715726000974,93.30689441412687
13,47,CHORD,False,True,harmonic,0.00025285726204848924,True,harmonic,-0.9797804733479256,3547.623535618186
14,47,CHORD,False,True,harmonic,7.421840919619171e-14,True,ambiguous,0.0,3481.1464240774512
15,47,CHORD,False,True,harmonic,0.004604107167222815,True,harmonic,-0.7786423151660878,3488.8317827135324
1,48,CHORD,False,False,non_rhythmic,0.5,False,circadian_only,0.0,11.604470200836658
2,48,CHORD,True,False,independent_ultradian,1.8318679906315083e-15,True,independent_ultradian,0.9614757688924858,90.59216640889645
3,48,CHORD,True,False,independent_ultradian,4.196643033083092e-14,True,independent_ultradian,0.6021523142709851,3477.0405562594533
4,48,CHORD,False,True,harmonic,0.00036338540423885846,True,harmonic,-0.5709373854137274,3463.8598822057247
5,48,CHORD,False,True,harmonic,0.004880371216236745,True,harmonic,-0.9780261147388136,3433.2964196801186
6,48,CHORD,True,False,independent_ultradian,5.717648576819556e-15,True,likely_independent_ultradian,0.3736359041105213,90.54748620837927
7,48,CHORD,True,False,independent_ultradian,1.887379141862766e-15,True,independent_ultradian,0.9769624675950179,91.14179201424122
8,48,CHORD,True,False,independent_ultradian,6.131955357369101e-06,True,independent_ultradian,0.9795249006105013,3627.462550997734
9,48,CHORD,False,False,non_rhythmic,0.10898238166816937,False,non_rhythmic,0.0,11.23829185962677
10,48,CHORD,False,False,non_rhythmic,0.27556553045476406,False,non_rhythmic,0.0,10.953083634376526
11,48,CHORD,True,False,independent_ultradian,0.5,False,non_rhythmic,0.0,12.12315447628498
12,48,CHORD,True,False,independent_ultradian,1.9984014443252818e-15,True,independent_ultradian,0.9123732948837593,91.04456007480621
13,48,CHORD,False,True,harmonic,0.00016216305451571822,True,harmonic,-0.8198082109035163,3501.4716563746333
14,48,CHORD,False,True,harmonic,2.3422117861882086e-07,True,harmonic,-0.9700717386954669,87.85025775432587
15,48,CHORD,False,True,harmonic,0.004304297939193236,True,harmonic,-0.9004651505026298,3505.26091363281
1,49,CHORD,False,False,non_rhythmic,0.22780452267495088,False,circadian_only,0.0,12.060233391821384
2,49,CHORD,True,False,independent_ultradian,2.275957200481571e-15,True,independent_ultradian,0.6330175837382326,3556.405537761748
3,49,CHORD,True,False,independent_ultradian,1.4210854715202004e-14,True,independent_ultradian,0.703905603936621,3518.283037468791
4,49,CHORD,False,True,harmonic,5.829415722241604e-05,True,harmonic,-0.46211715726000974,3482.99712035805
5,49,CHORD,False,True,harmonic,0.039121129323683335,True,harmonic,-0.9780261147388136,3464.891979470849
6,49,CHORD,True,False,independent_ultradian,4.052314039881821e-15,True,likely_independent_ultradian,0.35835739835078595,90.067557990551
7,49,CHORD,True,False,independent_ultradian,4.013456234019941e-14,True,independent_ultradian,0.9524275835266514,92.48469024896622
8,49,CHORD,True,False,independent_ultradian,0.0008974695076793271,True,independent_ultradian,0.9303442626624149,3660.5961564928293
9,49,CHORD,False,False,non_rhythmic,0.21476499329073673,False,non_rhythmic,0.0,11.288842186331749
10,49,CHORD,False,False,non_rhythmic,0.08164978470770434,False,circadian_only,0.0,11.084678582847118
11,49,CHORD,True,False,independent_ultradian,0.11891563927300941,False,non_rhythmic,0.0,11.608181521296501
12,49,CHORD,True,False,independent_ultradian,1.9984014443252818e-15,True,independent_ultradian,0.6384914570696212,89.75092880427837
13,49,CHORD,False,True,harmonic,2.5217296841184567e-05,True,harmonic,-0.9648891802684761,90.03145713359118
14,49,CHORD,False,True,harmonic,2.9539141199741437e-07,True,harmonic,-0.9559508425597378,87.4093696475029
15,49,CHORD,False,True,harmonic,0.010189373751664454,True,harmonic,-0.9330108703264262,3518.5961816459894
